[
  {
    "id": 13,
    "pnr": "212121666",
    "passengerName": "rew",
    "contactNumber": "5445",
    "seatNumber": "hgfh",
    "serviceType": "Non Veg",
    "complaint": "fghfh",
    "date": "11/12/2024",
    "time": "13:47:29",
    "status": "close",
    "actionTaken": "rtrt"
  },
  {
    "id": 12,
    "pnr": "212121",
    "passengerName": "rew",
    "contactNumber": "345",
    "seatNumber": "fd",
    "serviceType": "Linen",
    "complaint": "fgf",
    "date": "11/12/2024",
    "time": "13:38:02",
    "status": "open",
    "actionTaken": "No_Action_Taken"
  },
  {
    "id": 11,
    "pnr": "54",
    "passengerName": "rt",
    "contactNumber": "45",
    "seatNumber": "rt45",
    "serviceType": "Security",
    "complaint": "trrrtrt",
    "date": "11/12/2024",
    "time": "13:47:51",
    "status": "close",
    "actionTaken": "trtrtr"
  },
  {
    "id": 10,
    "pnr": "4333",
    "passengerName": "egf",
    "contactNumber": "2354",
    "seatNumber": "er3245",
    "serviceType": "Linen",
    "complaint": "ghffg",
    "date": "11/11/2024",
    "time": "10:57:37",
    "status": "close",
    "actionTaken": "qwqwwqwq"
  },
  {
    "id": 9,
    "pnr": "32",
    "passengerName": "e",
    "contactNumber": "23",
    "seatNumber": "er32",
    "serviceType": "Security",
    "complaint": "fd",
    "date": "11/11/2024",
    "time": "10:52:54",
    "status": "open",
    "actionTaken": "No_Action_Taken"
  },
  {
    "id": 8,
    "pnr": "842",
    "passengerName": "an",
    "contactNumber": "7655543322",
    "seatNumber": "76",
    "serviceType": "Security",
    "complaint": "p",
    "date": "11/11/2024",
    "time": "10:47:13",
    "status": "close",
    "actionTaken": "ii"
  },
  {
    "id": 7,
    "pnr": "12345",
    "passengerName": "123",
    "contactNumber": "213",
    "seatNumber": "345",
    "serviceType": "Linen",
    "complaint": "trew",
    "date": "10/28/2024",
    "time": "11:24:02",
    "status": "open",
    "actionTaken": "No_Action_Taken"
  },
  {
    "id": 1,
    "pnr": "842",
    "passengerName": "qwer",
    "contactNumber": "89",
    "seatNumber": "78",
    "serviceType": "Linen",
    "complaint": "78",
    "date": "10/25/2024",
    "time": "17:30:55",
    "status": "open",
    "actionTaken": "No_Action_Taken"
  }
]